r_norm,g_norm,b_norm,hue,saturation,value,fruit
0.45,0.29,0.26,0.03,0.43,0.05,Apple
0.48,0.26,0.26,0.00,0.46,0.05,Apple
0.46,0.28,0.26,0.02,0.44,0.07,Apple
0.50,0.27,0.23,0.02,0.54,0.05,Apple
0.43,0.29,0.29,0.00,0.33,0.04,Apple
0.48,0.28,0.24,0.03,0.50,0.05,Apple
0.48,0.26,0.26,0.00,0.47,0.06,Apple
0.44,0.28,0.28,0.00,0.36,0.04,Apple
0.47,0.28,0.25,0.02,0.47,0.06,Apple
0.44,0.29,0.26,0.03,0.40,0.06,Apple
0.46,0.29,0.25,0.03,0.46,0.05,Apple
0.48,0.28,0.24,0.03,0.50,0.05,Apple
0.50,0.25,0.25,0.00,0.50,0.06,Apple
0.46,0.27,0.27,0.00,0.42,0.05,Apple
0.50,0.27,0.23,0.02,0.53,0.06,Apple
0.46,0.27,0.27,0.00,0.42,0.05,Apple
0.49,0.26,0.26,0.00,0.48,0.08,Apple
0.51,0.24,0.24,0.00,0.52,0.08,Apple
0.46,0.27,0.27,0.00,0.42,0.05,Apple
0.48,0.28,0.24,0.02,0.50,0.05,Apple
0.46,0.29,0.25,0.03,0.45,0.04,Apple
0.45,0.28,0.28,0.00,0.38,0.05,Apple
0.49,0.27,0.24,0.02,0.50,0.08,Apple
0.50,0.25,0.25,0.00,0.50,0.07,Apple
0.48,0.28,0.24,0.02,0.50,0.05,Apple
0.44,0.28,0.28,0.00,0.36,0.04,Apple
0.46,0.29,0.25,0.03,0.46,0.05,Apple
0.48,0.26,0.26,0.00,0.47,0.06,Apple
0.47,0.28,0.25,0.02,0.47,0.06,Apple
0.48,0.26,0.26,0.00,0.47,0.06,Apple
0.44,0.30,0.26,0.03,0.42,0.05,Apple
0.48,0.26,0.26,0.00,0.47,0.06,Apple
0.49,0.26,0.26,0.00,0.47,0.07,Apple
0.43,0.29,0.29,0.00,0.33,0.05,Apple
0.48,0.26,0.26,0.00,0.47,0.06,Apple
0.48,0.26,0.26,0.00,0.47,0.06,Apple
0.46,0.29,0.25,0.03,0.46,0.05,Apple
0.48,0.26,0.26,0.00,0.46,0.05,Apple
0.46,0.28,0.26,0.02,0.44,0.07,Apple
0.50,0.25,0.25,0.00,0.50,0.07,Apple
0.47,0.28,0.25,0.02,0.47,0.07,Apple
0.48,0.26,0.26,0.00,0.47,0.06,Apple
0.49,0.27,0.24,0.02,0.50,0.09,Apple
0.49,0.27,0.24,0.02,0.50,0.09,Apple
0.46,0.29,0.25,0.03,0.46,0.05,Apple
0.50,0.26,0.24,0.02,0.53,0.07,Apple
0.48,0.28,0.24,0.03,0.50,0.05,Apple
0.48,0.28,0.24,0.02,0.50,0.05,Apple
0.48,0.26,0.26,0.00,0.47,0.06,Apple
0.46,0.29,0.25,0.03,0.46,0.05,Apple
0.50,0.25,0.25,0.00,0.50,0.08,Apple
0.48,0.26,0.26,0.00,0.47,0.06,Apple
0.49,0.27,0.24,0.02,0.50,0.09,Apple
0.51,0.26,0.23,0.01,0.54,0.09,Apple
0.52,0.24,0.24,0.00,0.55,0.09,Apple
0.48,0.27,0.24,0.02,0.50,0.06,Apple
0.46,0.29,0.25,0.03,0.46,0.05,Apple
0.50,0.26,0.24,0.02,0.53,0.07,Apple
0.49,0.26,0.26,0.00,0.47,0.07,Apple
0.47,0.28,0.25,0.02,0.47,0.06,Apple
0.43,0.30,0.26,0.04,0.40,0.04,Apple
0.42,0.31,0.27,0.04,0.36,0.04,Apple
0.48,0.26,0.26,0.00,0.47,0.06,Apple
0.44,0.30,0.26,0.03,0.42,0.05,Apple
0.46,0.28,0.26,0.02,0.44,0.07,Apple
0.46,0.27,0.27,0.00,0.41,0.09,Apple
0.52,0.26,0.23,0.02,0.56,0.06,Apple
0.50,0.26,0.24,0.02,0.53,0.07,Apple
0.46,0.29,0.25,0.03,0.46,0.05,Apple
0.48,0.26,0.26,0.00,0.47,0.06,Apple
0.43,0.29,0.29,0.00,0.33,0.05,Apple
0.47,0.27,0.27,0.00,0.43,0.05,Apple
0.44,0.28,0.28,0.00,0.36,0.04,Apple
0.47,0.27,0.27,0.00,0.43,0.05,Apple
0.50,0.25,0.25,0.00,0.50,0.05,Apple
0.45,0.30,0.25,0.04,0.44,0.04,Apple
0.47,0.29,0.24,0.04,0.50,0.03,Apple
0.48,0.28,0.24,0.03,0.50,0.05,Apple
0.44,0.30,0.26,0.03,0.42,0.05,Apple
0.47,0.26,0.26,0.00,0.44,0.06,Apple
0.52,0.24,0.24,0.00,0.54,0.09,Apple
0.47,0.26,0.26,0.00,0.44,0.07,Apple
0.46,0.29,0.26,0.02,0.44,0.06,Apple
0.49,0.24,0.27,0.98,0.50,0.09,Apple
0.54,0.21,0.25,0.98,0.62,0.05,Apple
0.50,0.25,0.25,0.00,0.50,0.07,Apple
0.45,0.28,0.28,0.00,0.38,0.05,Apple
0.47,0.26,0.26,0.00,0.44,0.06,Apple
0.49,0.27,0.24,0.02,0.50,0.07,Apple
0.47,0.26,0.26,0.00,0.44,0.06,Apple
0.47,0.26,0.26,0.00,0.44,0.06,Apple
0.48,0.27,0.24,0.02,0.50,0.06,Apple
0.50,0.26,0.24,0.02,0.53,0.07,Apple
0.45,0.29,0.26,0.03,0.43,0.05,Apple
0.47,0.28,0.25,0.02,0.47,0.06,Apple
0.47,0.28,0.25,0.02,0.47,0.06,Apple
0.48,0.28,0.24,0.02,0.50,0.05,Apple
0.46,0.29,0.25,0.03,0.45,0.04,Apple
0.47,0.26,0.26,0.00,0.44,0.04,Apple
0.46,0.27,0.27,0.00,0.42,0.05,Apple
0.60,0.21,0.19,0.01,0.69,0.14,Orange
0.60,0.21,0.19,0.01,0.68,0.13,Orange
0.59,0.21,0.21,0.00,0.65,0.15,Orange
0.59,0.21,0.21,0.00,0.65,0.13,Orange
0.58,0.21,0.21,0.00,0.65,0.12,Orange
0.60,0.21,0.19,0.01,0.68,0.11,Orange
0.58,0.22,0.20,0.01,0.66,0.15,Orange
0.59,0.22,0.19,0.01,0.68,0.15,Orange
0.58,0.22,0.20,0.01,0.66,0.11,Orange
0.60,0.21,0.19,0.01,0.69,0.13,Orange
0.60,0.21,0.19,0.01,0.69,0.10,Orange
0.59,0.21,0.21,0.00,0.65,0.15,Orange
0.59,0.20,0.20,0.00,0.66,0.13,Orange
0.60,0.21,0.19,0.01,0.67,0.17,Orange
0.59,0.21,0.20,0.01,0.67,0.15,Orange
0.59,0.21,0.20,0.01,0.67,0.13,Orange
0.59,0.22,0.20,0.01,0.67,0.12,Orange
0.58,0.21,0.21,0.00,0.64,0.14,Orange
0.59,0.20,0.20,0.00,0.66,0.14,Orange
0.60,0.21,0.19,0.01,0.68,0.16,Orange
0.60,0.21,0.19,0.01,0.69,0.14,Orange
0.60,0.22,0.18,0.01,0.70,0.13,Orange
0.61,0.20,0.20,0.00,0.68,0.10,Orange
0.59,0.21,0.20,0.01,0.67,0.14,Orange
0.59,0.20,0.20,0.00,0.66,0.14,Orange
0.60,0.20,0.20,0.00,0.67,0.13,Orange
0.60,0.21,0.19,0.01,0.68,0.12,Orange
0.59,0.22,0.20,0.01,0.67,0.12,Orange
0.60,0.21,0.19,0.01,0.68,0.11,Orange
0.60,0.21,0.19,0.01,0.68,0.12,Orange
0.59,0.20,0.20,0.00,0.66,0.13,Orange
0.59,0.21,0.21,0.00,0.65,0.13,Orange
0.59,0.20,0.20,0.00,0.66,0.11,Orange
0.59,0.20,0.20,0.00,0.66,0.11,Orange
0.59,0.21,0.20,0.01,0.67,0.14,Orange
0.58,0.21,0.21,0.00,0.64,0.10,Orange
0.59,0.20,0.20,0.00,0.66,0.13,Orange
0.60,0.20,0.20,0.00,0.67,0.12,Orange
0.59,0.20,0.20,0.00,0.65,0.10,Orange
0.59,0.20,0.20,0.00,0.65,0.10,Orange
0.59,0.22,0.20,0.01,0.67,0.11,Orange
0.60,0.21,0.19,0.01,0.68,0.13,Orange
0.59,0.21,0.20,0.01,0.67,0.16,Orange
0.58,0.22,0.20,0.01,0.65,0.16,Orange
0.58,0.22,0.20,0.01,0.65,0.16,Orange
0.60,0.21,0.19,0.01,0.68,0.15,Orange
0.60,0.21,0.19,0.01,0.69,0.14,Orange
0.58,0.22,0.20,0.01,0.66,0.13,Orange
0.58,0.21,0.21,0.00,0.64,0.11,Orange
0.59,0.21,0.20,0.01,0.67,0.14,Orange
0.58,0.22,0.19,0.01,0.67,0.15,Orange
0.58,0.22,0.20,0.01,0.66,0.15,Orange
0.60,0.21,0.19,0.01,0.68,0.15,Orange
0.58,0.21,0.21,0.00,0.63,0.12,Orange
0.59,0.21,0.21,0.00,0.65,0.09,Orange
0.59,0.21,0.20,0.01,0.67,0.13,Orange
0.59,0.22,0.19,0.01,0.68,0.15,Orange
0.57,0.23,0.20,0.01,0.64,0.15,Orange
0.60,0.20,0.20,0.00,0.67,0.12,Orange
0.58,0.21,0.21,0.00,0.64,0.09,Orange
0.57,0.21,0.21,0.00,0.62,0.06,Orange
0.59,0.21,0.21,0.00,0.65,0.09,Orange
0.56,0.22,0.22,0.00,0.61,0.07,Orange
0.60,0.21,0.19,0.01,0.68,0.13,Orange
0.60,0.21,0.19,0.01,0.68,0.15,Orange
0.59,0.20,0.20,0.00,0.66,0.14,Orange
0.58,0.21,0.21,0.00,0.65,0.12,Orange
0.60,0.21,0.19,0.01,0.68,0.11,Orange
0.59,0.21,0.20,0.01,0.67,0.13,Orange
0.59,0.22,0.19,0.01,0.68,0.16,Orange
0.58,0.23,0.20,0.01,0.66,0.15,Orange
0.60,0.20,0.20,0.00,0.67,0.14,Orange
0.59,0.20,0.20,0.00,0.66,0.14,Orange
0.58,0.22,0.20,0.01,0.65,0.10,Orange
0.59,0.20,0.20,0.00,0.65,0.10,Orange
0.60,0.21,0.19,0.01,0.68,0.13,Orange
0.58,0.22,0.19,0.01,0.67,0.15,Orange
0.58,0.22,0.20,0.01,0.65,0.15,Orange
0.60,0.21,0.19,0.01,0.68,0.13,Orange
0.57,0.22,0.22,0.00,0.62,0.11,Orange
0.58,0.21,0.21,0.00,0.64,0.10,Orange
0.59,0.21,0.20,0.01,0.67,0.13,Orange
0.60,0.21,0.19,0.01,0.68,0.13,Orange
0.57,0.23,0.20,0.01,0.65,0.16,Orange
0.59,0.21,0.20,0.01,0.67,0.15,Orange
0.60,0.21,0.19,0.01,0.68,0.13,Orange
0.57,0.21,0.21,0.00,0.63,0.11,Orange
0.60,0.21,0.19,0.01,0.68,0.12,Orange
0.60,0.21,0.19,0.01,0.69,0.14,Orange
0.59,0.22,0.19,0.01,0.68,0.16,Orange
0.59,0.21,0.20,0.01,0.67,0.15,Orange
0.60,0.21,0.19,0.01,0.68,0.15,Orange
0.59,0.20,0.20,0.00,0.65,0.10,Orange
0.59,0.21,0.20,0.01,0.67,0.13,Orange
0.59,0.22,0.19,0.01,0.68,0.16,Orange
0.60,0.21,0.19,0.01,0.68,0.15,Orange
0.60,0.21,0.19,0.01,0.68,0.15,Orange
0.59,0.21,0.20,0.01,0.67,0.15,Orange
0.58,0.21,0.21,0.00,0.64,0.13,Orange
0.61,0.20,0.19,0.01,0.69,0.14,Orange
0.35,0.35,0.31,0.17,0.12,0.10,Ambient
0.36,0.34,0.30,0.12,0.17,0.09,Ambient
0.36,0.33,0.31,0.08,0.14,0.11,Ambient
0.35,0.34,0.31,0.12,0.11,0.14,Ambient
0.35,0.34,0.31,0.13,0.12,0.16,Ambient
0.35,0.34,0.31,0.10,0.13,0.15,Ambient
0.35,0.34,0.30,0.12,0.14,0.11,Ambient
0.35,0.34,0.30,0.13,0.15,0.13,Ambient
0.35,0.34,0.30,0.13,0.14,0.14,Ambient
0.36,0.34,0.30,0.11,0.17,0.14,Ambient
0.36,0.34,0.30,0.13,0.16,0.13,Ambient
0.36,0.34,0.30,0.11,0.15,0.16,Ambient
0.36,0.34,0.30,0.11,0.16,0.15,Ambient
0.35,0.34,0.31,0.11,0.14,0.17,Ambient
0.35,0.34,0.31,0.13,0.13,0.15,Ambient
0.35,0.34,0.31,0.13,0.13,0.15,Ambient
0.35,0.34,0.30,0.14,0.14,0.16,Ambient
0.36,0.34,0.29,0.11,0.19,0.12,Ambient
0.35,0.34,0.30,0.14,0.14,0.16,Ambient
0.36,0.34,0.30,0.12,0.16,0.17,Ambient
0.36,0.34,0.30,0.11,0.16,0.15,Ambient
0.36,0.34,0.30,0.11,0.17,0.14,Ambient
0.36,0.34,0.30,0.12,0.17,0.16,Ambient
0.36,0.34,0.31,0.10,0.14,0.14,Ambient
0.35,0.34,0.30,0.13,0.14,0.14,Ambient
0.35,0.34,0.30,0.13,0.14,0.14,Ambient
0.35,0.34,0.31,0.13,0.12,0.16,Ambient
0.35,0.34,0.30,0.14,0.15,0.16,Ambient
0.35,0.34,0.30,0.14,0.14,0.17,Ambient
0.35,0.34,0.30,0.14,0.15,0.16,Ambient
0.35,0.34,0.30,0.14,0.14,0.17,Ambient
0.36,0.34,0.30,0.11,0.16,0.15,Ambient
0.35,0.34,0.31,0.11,0.13,0.18,Ambient
0.35,0.34,0.30,0.14,0.14,0.17,Ambient
0.36,0.34,0.30,0.10,0.17,0.16,Ambient
0.35,0.34,0.31,0.11,0.13,0.18,Ambient
0.35,0.34,0.31,0.13,0.12,0.16,Ambient
0.35,0.34,0.31,0.13,0.12,0.16,Ambient
0.35,0.35,0.30,0.14,0.15,0.16,Ambient
0.35,0.34,0.30,0.14,0.14,0.17,Ambient
0.35,0.34,0.31,0.11,0.14,0.17,Ambient
0.35,0.34,0.30,0.14,0.13,0.18,Ambient
0.35,0.34,0.30,0.14,0.15,0.16,Ambient
0.35,0.34,0.31,0.11,0.13,0.18,Ambient
0.36,0.34,0.30,0.11,0.15,0.16,Ambient
0.35,0.34,0.31,0.10,0.13,0.15,Ambient
0.36,0.34,0.31,0.10,0.14,0.14,Ambient
0.36,0.34,0.30,0.10,0.17,0.12,Ambient
0.36,0.34,0.30,0.12,0.15,0.10,Ambient
0.36,0.34,0.30,0.10,0.16,0.13,Ambient
0.36,0.34,0.30,0.10,0.16,0.12,Ambient
0.35,0.34,0.30,0.12,0.14,0.11,Ambient
0.35,0.34,0.30,0.13,0.14,0.14,Ambient
0.35,0.34,0.30,0.13,0.14,0.14,Ambient
0.36,0.34,0.30,0.11,0.15,0.15,Ambient
0.35,0.34,0.30,0.13,0.14,0.14,Ambient
0.36,0.34,0.30,0.11,0.15,0.16,Ambient
0.35,0.34,0.30,0.14,0.14,0.17,Ambient
0.35,0.34,0.31,0.13,0.12,0.16,Ambient
0.35,0.34,0.30,0.14,0.14,0.16,Ambient
0.35,0.34,0.31,0.13,0.12,0.16,Ambient
0.35,0.34,0.31,0.13,0.12,0.16,Ambient
0.36,0.34,0.30,0.11,0.15,0.16,Ambient
0.35,0.34,0.30,0.14,0.14,0.17,Ambient
0.35,0.34,0.30,0.14,0.14,0.16,Ambient
0.35,0.34,0.31,0.13,0.12,0.17,Ambient
0.35,0.34,0.31,0.13,0.12,0.17,Ambient
0.36,0.34,0.31,0.11,0.14,0.17,Ambient
0.35,0.34,0.31,0.11,0.13,0.18,Ambient
0.36,0.34,0.30,0.11,0.15,0.15,Ambient
0.35,0.34,0.30,0.14,0.14,0.16,Ambient
0.35,0.34,0.30,0.14,0.15,0.16,Ambient
0.35,0.34,0.30,0.13,0.15,0.13,Ambient
0.36,0.34,0.30,0.13,0.16,0.13,Ambient
0.36,0.34,0.30,0.11,0.18,0.13,Ambient
0.36,0.34,0.30,0.12,0.17,0.16,Ambient
0.35,0.34,0.30,0.14,0.14,0.17,Ambient
0.36,0.34,0.30,0.11,0.17,0.14,Ambient
0.35,0.34,0.30,0.14,0.14,0.17,Ambient
0.36,0.34,0.30,0.12,0.16,0.18,Ambient
0.36,0.34,0.31,0.11,0.14,0.16,Ambient
0.36,0.34,0.30,0.10,0.17,0.16,Ambient
0.35,0.34,0.31,0.11,0.14,0.17,Ambient
0.36,0.34,0.30,0.11,0.15,0.15,Ambient
0.35,0.34,0.31,0.13,0.12,0.17,Ambient
0.35,0.34,0.31,0.10,0.12,0.16,Ambient
0.35,0.34,0.30,0.14,0.14,0.17,Ambient
0.35,0.34,0.31,0.10,0.12,0.16,Ambient
0.35,0.34,0.31,0.13,0.12,0.16,Ambient
0.35,0.34,0.30,0.14,0.15,0.16,Ambient
0.35,0.34,0.30,0.14,0.14,0.17,Ambient
0.36,0.34,0.30,0.11,0.15,0.16,Ambient
0.36,0.34,0.30,0.12,0.16,0.18,Ambient
0.36,0.34,0.30,0.10,0.17,0.12,Ambient
0.35,0.34,0.30,0.14,0.14,0.17,Ambient
0.36,0.34,0.30,0.12,0.16,0.18,Ambient
0.37,0.33,0.30,0.08,0.18,0.13,Ambient
0.39,0.29,0.32,0.94,0.25,0.09,Ambient
0.35,0.34,0.31,0.11,0.13,0.18,Ambient
0.35,0.34,0.31,0.10,0.12,0.16,Ambient
0.37,0.39,0.24,0.19,0.38,0.06,Guyabano
0.36,0.39,0.25,0.19,0.35,0.07,Guyabano
0.37,0.39,0.24,0.19,0.38,0.06,Guyabano
0.39,0.36,0.25,0.13,0.36,0.05,Guyabano
0.37,0.37,0.26,0.17,0.31,0.05,Guyabano
0.37,0.37,0.26,0.17,0.29,0.07,Guyabano
0.38,0.37,0.25,0.15,0.35,0.09,Guyabano
0.38,0.35,0.26,0.12,0.31,0.10,Guyabano
0.38,0.35,0.27,0.13,0.29,0.12,Guyabano
0.37,0.36,0.27,0.14,0.26,0.11,Guyabano
0.39,0.37,0.25,0.15,0.36,0.09,Guyabano
0.38,0.38,0.25,0.17,0.33,0.07,Guyabano
0.35,0.39,0.26,0.21,0.33,0.05,Guyabano
0.38,0.38,0.24,0.17,0.36,0.05,Guyabano
0.37,0.37,0.26,0.17,0.31,0.05,Guyabano
0.38,0.38,0.25,0.17,0.33,0.06,Guyabano
0.35,0.38,0.26,0.21,0.31,0.05,Guyabano
0.36,0.39,0.25,0.20,0.36,0.05,Guyabano
0.35,0.39,0.26,0.21,0.33,0.05,Guyabano
0.35,0.39,0.26,0.21,0.33,0.05,Guyabano
0.35,0.39,0.26,0.21,0.33,0.05,Guyabano
0.36,0.39,0.25,0.20,0.36,0.05,Guyabano
0.36,0.39,0.25,0.20,0.36,0.05,Guyabano
0.38,0.38,0.24,0.17,0.38,0.06,Guyabano
0.38,0.38,0.24,0.17,0.36,0.05,Guyabano
0.37,0.39,0.24,0.19,0.38,0.06,Guyabano
0.35,0.38,0.26,0.21,0.31,0.05,Guyabano
0.37,0.37,0.26,0.17,0.31,0.05,Guyabano
0.38,0.38,0.25,0.17,0.33,0.06,Guyabano
0.38,0.38,0.24,0.17,0.35,0.07,Guyabano
0.37,0.37,0.25,0.17,0.32,0.07,Guyabano
0.39,0.37,0.24,0.14,0.37,0.07,Guyabano
0.36,0.38,0.26,0.20,0.33,0.06,Guyabano
0.37,0.37,0.26,0.17,0.29,0.05,Guyabano
0.37,0.37,0.26,0.17,0.29,0.05,Guyabano
0.37,0.36,0.27,0.14,0.27,0.10,Guyabano
0.36,0.35,0.28,0.14,0.22,0.13,Guyabano
0.38,0.36,0.26,0.15,0.32,0.10,Guyabano
0.39,0.36,0.25,0.13,0.35,0.10,Guyabano
0.38,0.35,0.27,0.12,0.30,0.11,Guyabano
0.37,0.38,0.25,0.19,0.35,0.08,Guyabano
0.38,0.36,0.25,0.14,0.33,0.08,Guyabano
0.36,0.38,0.26,0.20,0.31,0.06,Guyabano
0.39,0.36,0.25,0.14,0.35,0.07,Guyabano
0.38,0.38,0.25,0.17,0.33,0.06,Guyabano
0.37,0.37,0.26,0.17,0.31,0.05,Guyabano
0.36,0.39,0.25,0.20,0.36,0.05,Guyabano
0.36,0.36,0.27,0.17,0.25,0.05,Guyabano
0.38,0.38,0.25,0.17,0.33,0.04,Guyabano
0.37,0.37,0.26,0.17,0.30,0.04,Guyabano
0.36,0.36,0.27,0.17,0.25,0.05,Guyabano
0.36,0.36,0.27,0.17,0.25,0.05,Guyabano
0.36,0.39,0.25,0.20,0.36,0.05,Guyabano
0.36,0.39,0.25,0.20,0.36,0.05,Guyabano
0.38,0.38,0.24,0.17,0.36,0.04,Guyabano
0.38,0.38,0.24,0.17,0.36,0.04,Guyabano
0.37,0.37,0.26,0.17,0.30,0.04,Guyabano
0.38,0.38,0.25,0.17,0.33,0.04,Guyabano
0.38,0.38,0.24,0.17,0.36,0.04,Guyabano
0.38,0.38,0.24,0.17,0.36,0.05,Guyabano
0.37,0.37,0.26,0.17,0.31,0.05,Guyabano
0.37,0.37,0.26,0.17,0.31,0.05,Guyabano
0.37,0.37,0.27,0.17,0.28,0.07,Guyabano
0.38,0.36,0.25,0.14,0.33,0.08,Guyabano
0.36,0.35,0.28,0.14,0.22,0.11,Guyabano
0.37,0.35,0.28,0.14,0.24,0.10,Guyabano
0.37,0.34,0.29,0.10,0.23,0.09,Guyabano
0.37,0.37,0.26,0.17,0.31,0.06,Guyabano
0.37,0.37,0.26,0.17,0.31,0.05,Guyabano
0.38,0.38,0.25,0.17,0.33,0.06,Guyabano
0.37,0.37,0.26,0.17,0.31,0.05,Guyabano
0.39,0.35,0.26,0.12,0.33,0.05,Guyabano
0.38,0.36,0.27,0.13,0.29,0.07,Guyabano
0.37,0.37,0.26,0.17,0.31,0.05,Guyabano
0.39,0.36,0.25,0.12,0.36,0.04,Guyabano
0.38,0.38,0.25,0.17,0.33,0.05,Guyabano
0.36,0.36,0.27,0.17,0.25,0.05,Guyabano
0.38,0.38,0.25,0.17,0.33,0.05,Guyabano
0.38,0.35,0.27,0.11,0.30,0.04,Guyabano
0.37,0.37,0.26,0.17,0.30,0.04,Guyabano
0.37,0.37,0.26,0.17,0.31,0.05,Guyabano
0.38,0.38,0.24,0.17,0.38,0.05,Guyabano
0.36,0.36,0.27,0.17,0.25,0.03,Guyabano
0.37,0.37,0.26,0.17,0.31,0.05,Guyabano
0.36,0.36,0.27,0.17,0.25,0.05,Guyabano
0.38,0.38,0.25,0.17,0.33,0.06,Guyabano
0.37,0.37,0.26,0.17,0.31,0.05,Guyabano
0.35,0.38,0.26,0.21,0.31,0.05,Guyabano
0.38,0.38,0.25,0.17,0.33,0.05,Guyabano
0.38,0.38,0.25,0.17,0.33,0.05,Guyabano
0.38,0.38,0.24,0.17,0.36,0.04,Guyabano
0.37,0.37,0.26,0.17,0.31,0.05,Guyabano
0.38,0.38,0.25,0.17,0.33,0.06,Guyabano
0.38,0.38,0.24,0.17,0.36,0.05,Guyabano
0.38,0.38,0.24,0.17,0.38,0.06,Guyabano
0.38,0.38,0.25,0.17,0.33,0.06,Guyabano
0.37,0.37,0.26,0.17,0.29,0.05,Guyabano
0.38,0.36,0.26,0.15,0.32,0.10,Guyabano
0.37,0.35,0.28,0.14,0.25,0.09,Guyabano
0.36,0.36,0.28,0.17,0.24,0.10,Guyabano
0.50,0.29,0.21,0.05,0.59,0.07,Lemon
0.52,0.28,0.20,0.04,0.62,0.09,Lemon
0.51,0.29,0.21,0.04,0.59,0.13,Lemon
0.51,0.29,0.21,0.05,0.59,0.15,Lemon
0.51,0.29,0.20,0.05,0.61,0.14,Lemon
0.51,0.29,0.20,0.05,0.61,0.14,Lemon
0.51,0.29,0.19,0.05,0.63,0.14,Lemon
0.51,0.29,0.20,0.05,0.61,0.14,Lemon
0.51,0.29,0.19,0.05,0.63,0.14,Lemon
0.51,0.29,0.20,0.05,0.61,0.14,Lemon
0.51,0.29,0.21,0.04,0.59,0.13,Lemon
0.51,0.29,0.20,0.05,0.61,0.14,Lemon
0.51,0.28,0.20,0.04,0.61,0.15,Lemon
0.51,0.29,0.20,0.05,0.61,0.14,Lemon
0.51,0.28,0.21,0.04,0.59,0.15,Lemon
0.52,0.28,0.19,0.05,0.63,0.14,Lemon
0.51,0.29,0.20,0.05,0.61,0.14,Lemon
0.51,0.29,0.20,0.05,0.61,0.14,Lemon
0.52,0.28,0.19,0.05,0.63,0.14,Lemon
0.52,0.29,0.20,0.05,0.62,0.13,Lemon
0.51,0.29,0.20,0.05,0.61,0.14,Lemon
0.51,0.29,0.19,0.05,0.62,0.15,Lemon
0.51,0.29,0.20,0.05,0.61,0.14,Lemon
0.52,0.29,0.20,0.05,0.62,0.13,Lemon
0.52,0.28,0.20,0.04,0.61,0.13,Lemon
0.52,0.29,0.20,0.05,0.62,0.13,Lemon
0.52,0.29,0.20,0.05,0.62,0.13,Lemon
0.52,0.29,0.20,0.05,0.62,0.13,Lemon
0.52,0.29,0.19,0.05,0.64,0.13,Lemon
0.51,0.29,0.20,0.05,0.61,0.14,Lemon
0.51,0.30,0.20,0.05,0.61,0.14,Lemon
0.51,0.29,0.19,0.05,0.63,0.14,Lemon
0.51,0.29,0.20,0.05,0.61,0.13,Lemon
0.52,0.30,0.19,0.06,0.64,0.13,Lemon
0.51,0.30,0.20,0.05,0.61,0.12,Lemon
0.51,0.30,0.20,0.05,0.61,0.12,Lemon
0.52,0.29,0.20,0.05,0.62,0.13,Lemon
0.51,0.29,0.20,0.05,0.60,0.12,Lemon
0.51,0.30,0.20,0.05,0.61,0.12,Lemon
0.53,0.28,0.19,0.04,0.63,0.12,Lemon
0.52,0.29,0.19,0.05,0.62,0.13,Lemon
0.51,0.29,0.20,0.05,0.60,0.12,Lemon
0.52,0.28,0.20,0.04,0.61,0.13,Lemon
0.52,0.28,0.20,0.04,0.61,0.13,Lemon
0.52,0.29,0.19,0.05,0.63,0.11,Lemon
0.51,0.29,0.20,0.05,0.60,0.14,Lemon
0.51,0.29,0.20,0.05,0.61,0.14,Lemon
0.52,0.28,0.19,0.05,0.63,0.14,Lemon
0.51,0.29,0.19,0.05,0.63,0.14,Lemon
0.51,0.30,0.20,0.05,0.61,0.12,Lemon
0.51,0.30,0.20,0.05,0.61,0.12,Lemon
0.51,0.29,0.20,0.05,0.62,0.10,Lemon
0.51,0.30,0.19,0.06,0.62,0.09,Lemon
0.51,0.29,0.20,0.05,0.61,0.09,Lemon
0.50,0.30,0.20,0.06,0.60,0.10,Lemon
0.51,0.29,0.20,0.05,0.61,0.13,Lemon
0.51,0.30,0.19,0.06,0.62,0.13,Lemon
0.51,0.29,0.20,0.05,0.60,0.14,Lemon
0.51,0.30,0.20,0.05,0.61,0.12,Lemon
0.52,0.29,0.19,0.05,0.63,0.12,Lemon
0.51,0.30,0.20,0.05,0.61,0.12,Lemon
0.51,0.30,0.19,0.06,0.62,0.13,Lemon
0.51,0.30,0.20,0.05,0.61,0.14,Lemon
0.52,0.29,0.20,0.05,0.62,0.13,Lemon
0.52,0.28,0.20,0.04,0.62,0.13,Lemon
0.52,0.28,0.20,0.04,0.61,0.13,Lemon
0.52,0.29,0.20,0.05,0.62,0.13,Lemon
0.52,0.28,0.20,0.04,0.62,0.13,Lemon
0.51,0.29,0.21,0.04,0.59,0.13,Lemon
0.50,0.28,0.22,0.04,0.57,0.12,Lemon
0.52,0.29,0.19,0.05,0.62,0.13,Lemon
0.51,0.29,0.20,0.05,0.60,0.14,Lemon
0.51,0.29,0.20,0.05,0.61,0.14,Lemon
0.51,0.29,0.19,0.05,0.62,0.15,Lemon
0.51,0.29,0.20,0.05,0.61,0.14,Lemon
0.52,0.28,0.20,0.04,0.62,0.13,Lemon
0.51,0.30,0.19,0.06,0.62,0.13,Lemon
0.51,0.30,0.20,0.05,0.61,0.12,Lemon
0.52,0.29,0.20,0.05,0.62,0.13,Lemon
0.52,0.29,0.19,0.05,0.62,0.13,Lemon
0.51,0.30,0.19,0.06,0.63,0.11,Lemon
0.51,0.30,0.20,0.05,0.61,0.12,Lemon
0.52,0.29,0.20,0.05,0.62,0.11,Lemon
0.51,0.28,0.21,0.04,0.59,0.11,Lemon
0.50,0.30,0.20,0.05,0.59,0.13,Lemon
0.51,0.30,0.20,0.05,0.61,0.14,Lemon
0.52,0.29,0.20,0.05,0.62,0.13,Lemon
0.52,0.29,0.20,0.05,0.62,0.13,Lemon
0.51,0.30,0.19,0.06,0.63,0.14,Lemon
0.50,0.30,0.20,0.06,0.60,0.14,Lemon
0.52,0.29,0.19,0.05,0.64,0.13,Lemon
0.53,0.28,0.19,0.04,0.63,0.12,Lemon
0.51,0.30,0.20,0.05,0.61,0.12,Lemon
0.54,0.27,0.20,0.04,0.63,0.12,Lemon
0.53,0.28,0.19,0.04,0.63,0.12,Lemon
0.51,0.30,0.20,0.05,0.61,0.14,Lemon
0.52,0.28,0.20,0.04,0.62,0.15,Lemon
0.51,0.29,0.19,0.05,0.63,0.14,Lemon
0.50,0.30,0.20,0.05,0.59,0.11,Lemon
0.51,0.29,0.20,0.05,0.61,0.11,Lemon
0.24,0.35,0.41,0.56,0.40,0.06,Blue Raspberry
0.24,0.35,0.41,0.56,0.40,0.06,Blue Raspberry
0.24,0.35,0.41,0.56,0.40,0.06,Blue Raspberry
0.25,0.34,0.41,0.57,0.38,0.05,Blue Raspberry
0.24,0.35,0.41,0.56,0.43,0.05,Blue Raspberry
0.22,0.38,0.41,0.53,0.46,0.05,Blue Raspberry
0.22,0.36,0.42,0.55,0.47,0.06,Blue Raspberry
0.25,0.34,0.41,0.57,0.38,0.05,Blue Raspberry
0.24,0.34,0.41,0.57,0.42,0.05,Blue Raspberry
0.23,0.37,0.40,0.53,0.42,0.05,Blue Raspberry
0.23,0.35,0.42,0.56,0.46,0.05,Blue Raspberry
0.23,0.37,0.40,0.53,0.42,0.05,Blue Raspberry
0.26,0.35,0.39,0.55,0.33,0.08,Blue Raspberry
0.25,0.37,0.38,0.52,0.35,0.08,Blue Raspberry
0.23,0.35,0.42,0.57,0.45,0.04,Blue Raspberry
0.23,0.36,0.41,0.54,0.44,0.04,Blue Raspberry
0.22,0.35,0.43,0.57,0.50,0.04,Blue Raspberry
0.23,0.37,0.40,0.53,0.42,0.05,Blue Raspberry
0.25,0.36,0.39,0.54,0.35,0.09,Blue Raspberry
0.23,0.36,0.40,0.54,0.42,0.07,Blue Raspberry
0.22,0.37,0.41,0.53,0.45,0.04,Blue Raspberry
0.23,0.35,0.42,0.56,0.46,0.05,Blue Raspberry
0.24,0.34,0.41,0.57,0.42,0.05,Blue Raspberry
0.22,0.38,0.41,0.53,0.46,0.05,Blue Raspberry
0.24,0.37,0.39,0.52,0.37,0.07,Blue Raspberry
0.24,0.36,0.40,0.55,0.39,0.07,Blue Raspberry
0.25,0.36,0.39,0.53,0.35,0.07,Blue Raspberry
0.23,0.35,0.42,0.56,0.46,0.05,Blue Raspberry
0.22,0.37,0.41,0.53,0.45,0.04,Blue Raspberry
0.23,0.35,0.42,0.56,0.46,0.05,Blue Raspberry
0.23,0.35,0.42,0.56,0.46,0.05,Blue Raspberry
0.25,0.35,0.39,0.55,0.35,0.08,Blue Raspberry
0.24,0.36,0.40,0.55,0.41,0.07,Blue Raspberry
0.22,0.37,0.41,0.53,0.45,0.04,Blue Raspberry
0.24,0.35,0.41,0.56,0.40,0.06,Blue Raspberry
0.23,0.35,0.42,0.57,0.45,0.04,Blue Raspberry
0.24,0.36,0.40,0.54,0.40,0.04,Blue Raspberry
0.24,0.33,0.43,0.58,0.44,0.04,Blue Raspberry
0.24,0.36,0.39,0.53,0.38,0.05,Blue Raspberry
0.26,0.35,0.40,0.56,0.35,0.07,Blue Raspberry
0.25,0.33,0.42,0.58,0.40,0.06,Blue Raspberry
0.22,0.35,0.43,0.57,0.50,0.04,Blue Raspberry
0.25,0.33,0.42,0.58,0.40,0.04,Blue Raspberry
0.22,0.37,0.41,0.53,0.45,0.04,Blue Raspberry
0.22,0.37,0.41,0.53,0.45,0.04,Blue Raspberry
0.23,0.37,0.40,0.53,0.42,0.05,Blue Raspberry
0.23,0.37,0.40,0.53,0.42,0.05,Blue Raspberry
0.26,0.35,0.40,0.56,0.35,0.07,Blue Raspberry
0.23,0.35,0.42,0.56,0.46,0.05,Blue Raspberry
0.21,0.36,0.43,0.56,0.50,0.05,Blue Raspberry
0.23,0.37,0.40,0.53,0.42,0.05,Blue Raspberry
0.27,0.36,0.38,0.53,0.29,0.08,Blue Raspberry
0.26,0.36,0.38,0.53,0.32,0.07,Blue Raspberry
0.24,0.35,0.41,0.56,0.43,0.05,Blue Raspberry
0.22,0.37,0.41,0.53,0.45,0.04,Blue Raspberry
0.23,0.37,0.40,0.53,0.42,0.05,Blue Raspberry
0.24,0.36,0.40,0.55,0.41,0.07,Blue Raspberry
0.26,0.35,0.40,0.56,0.35,0.07,Blue Raspberry
0.23,0.37,0.40,0.53,0.43,0.05,Blue Raspberry
0.22,0.37,0.41,0.53,0.45,0.04,Blue Raspberry
0.23,0.35,0.42,0.56,0.46,0.05,Blue Raspberry
0.24,0.34,0.41,0.57,0.42,0.05,Blue Raspberry
0.26,0.36,0.38,0.53,0.30,0.08,Blue Raspberry
0.25,0.35,0.40,0.55,0.37,0.07,Blue Raspberry
0.22,0.34,0.44,0.57,0.50,0.05,Blue Raspberry
0.24,0.36,0.39,0.53,0.38,0.05,Blue Raspberry
0.23,0.35,0.42,0.56,0.46,0.05,Blue Raspberry
0.22,0.37,0.41,0.53,0.45,0.04,Blue Raspberry
0.22,0.37,0.41,0.53,0.45,0.04,Blue Raspberry
0.25,0.36,0.39,0.54,0.36,0.04,Blue Raspberry
0.26,0.36,0.38,0.53,0.33,0.07,Blue Raspberry
0.25,0.36,0.39,0.53,0.35,0.07,Blue Raspberry
0.24,0.37,0.39,0.53,0.38,0.06,Blue Raspberry
0.22,0.37,0.41,0.53,0.45,0.04,Blue Raspberry
0.22,0.37,0.41,0.53,0.45,0.04,Blue Raspberry
0.23,0.35,0.42,0.56,0.46,0.05,Blue Raspberry
0.26,0.34,0.39,0.57,0.33,0.06,Blue Raspberry
0.24,0.34,0.41,0.57,0.42,0.05,Blue Raspberry
0.23,0.35,0.42,0.57,0.45,0.04,Blue Raspberry
0.25,0.33,0.42,0.58,0.40,0.04,Blue Raspberry
0.24,0.33,0.43,0.58,0.44,0.04,Blue Raspberry
0.26,0.35,0.39,0.56,0.33,0.04,Blue Raspberry
0.25,0.35,0.40,0.56,0.38,0.06,Blue Raspberry
0.24,0.36,0.39,0.53,0.38,0.05,Blue Raspberry
0.23,0.36,0.41,0.55,0.44,0.06,Blue Raspberry
0.24,0.36,0.40,0.54,0.40,0.04,Blue Raspberry
0.23,0.35,0.42,0.57,0.45,0.04,Blue Raspberry
0.25,0.36,0.39,0.53,0.36,0.05,Blue Raspberry
0.24,0.34,0.41,0.57,0.41,0.07,Blue Raspberry
0.23,0.35,0.42,0.57,0.45,0.04,Blue Raspberry
0.25,0.34,0.41,0.57,0.38,0.05,Blue Raspberry
0.22,0.36,0.42,0.55,0.47,0.06,Blue Raspberry
0.23,0.35,0.42,0.57,0.45,0.04,Blue Raspberry
0.24,0.34,0.41,0.57,0.42,0.05,Blue Raspberry
0.25,0.36,0.39,0.53,0.36,0.05,Blue Raspberry
0.24,0.36,0.40,0.54,0.40,0.04,Blue Raspberry
0.23,0.35,0.42,0.57,0.45,0.04,Blue Raspberry
0.25,0.33,0.42,0.58,0.40,0.04,Blue Raspberry
0.24,0.36,0.40,0.54,0.40,0.04,Blue Raspberry
0.23,0.35,0.42,0.57,0.45,0.04,Blue Raspberry


